trade_date,symbol,expiry_date,open,high,low,close,prev_close,volume_lots,value_lacs,open_interest_lots,norm_close,norm_open,norm_high,norm_low,lot_value_inr,fine_gold_lot_grams
2026-08-28,GOLDGUINEA,2026-08-31,125904.0,128200.0,124511.0,125025.0,126263.0,105,132.65,304,15643.768768768768,15753.753753753754,16041.04104104104,15579.454454454455,125025.0,7.992
2026-08-28,GOLDGUINEA,2026-09-30,127433.0,128895.0,125688.0,125821.0,127729.0,22074,28077.46,10711,15743.368368368368,15945.07007007007,16128.003003003003,15726.726726726727,125821.0,7.992
2026-08-28,GOLDGUINEA,2026-10-30,129054.0,131100.0,126818.0,126983.0,128817.0,6775,8687.2,4904,15888.763763763764,16147.897897897898,16403.903903903905,15868.118118118118,126983.0,7.992
2026-08-28,GOLDGUINEA,2026-11-30,129431.0,130480.0,127777.0,127910.0,129721.0,1971,2541.84,2649,16004.754754754755,16195.07007007007,16326.326326326327,15988.113113113113,127910.0,7.992
2026-08-28,GOLDGUINEA,2026-12-31,130625.0,131500.0,128881.0,129131.0,130828.0,528,685.69,1829,16157.532532532532,16344.46946946947,16453.953953953955,16126.251251251251,129131.0,7.992
2026-08-28,GOLDGUINEA,2027-01-29,131348.0,132549.0,130001.0,130294.0,131926.0,337,441.41,754,16303.053053053052,16434.934934934936,16585.21021021021,16266.391391391391,130294.0,7.992
2026-08-28,GOLDM,2026-09-04,156987.0,159706.0,155431.0,155946.0,158230.0,63432,999817.33,16268,15672.964824120603,15777.587939698493,16050.854271356786,15621.206030150755,1559460.0,99.5
2026-08-28,GOLDM,2026-10-05,158502.0,160331.0,156250.0,156431.0,159030.0,50010,791208.31,22865,15721.70854271357,15929.849246231157,16113.668341708544,15703.5175879397,1564310.0,99.5
2026-08-28,GOLDM,2026-11-05,159400.0,160945.0,157111.0,157401.0,159784.0,8495,134948.04,6267,15819.1959798995,16020.100502512563,16175.376884422112,15790.050251256282,1574010.0,99.5
2026-08-28,GOLDM,2026-12-04,160316.0,161611.0,157665.0,158229.0,160611.0,4193,66934.58,6244,15902.412060301509,16112.1608040201,16242.311557788946,15845.728643216082,1582290.0,99.5
2026-08-28,GOLDM,2027-01-05,161098.0,162545.0,159001.0,159380.0,161740.0,591,9488.47,1525,16018.090452261307,16190.753768844223,16336.180904522615,15980.000000000002,1593800.0,99.5
2026-08-28,GOLDM,2027-02-05,162016.0,163500.0,159945.0,160523.0,162732.0,544,8793.33,876,16132.964824120605,16283.015075376885,16432.160804020103,16074.874371859298,1605230.0,99.5
2026-08-28,GOLDPETAL,2026-08-31,15835.0,16178.0,15651.0,15715.0,15844.0,10082,1597.63,14274,15730.730730730731,15850.850850850851,16194.194194194195,15666.666666666666,15715.0,0.999
2026-08-28,GOLDPETAL,2026-09-30,15951.0,16100.0,15703.0,15725.0,15965.0,436379,69377.09,202711,15740.74074074074,15966.966966966967,16116.116116116116,15718.71871871872,15725.0,0.999
2026-08-28,GOLDPETAL,2026-10-30,16075.0,16211.0,15839.0,15859.0,16100.0,126076,20187.39,83890,15874.874874874875,16091.091091091092,16227.227227227228,15854.854854854855,15859.0,0.999
2026-08-28,GOLDPETAL,2026-11-30,16182.0,16295.0,15950.0,15971.0,16213.0,45029,7253.98,63263,15986.986986986987,16198.198198198199,16311.31131131131,15965.965965965966,15971.0,0.999
2026-08-28,GOLDPETAL,2026-12-31,16301.0,16400.0,16081.0,16112.0,16336.0,18954,3074.9,26341,16128.128128128128,16317.317317317318,16416.416416416418,16097.097097097098,16112.0,0.999
2026-08-28,GOLDPETAL,2027-01-29,16393.0,16511.0,16211.0,16237.0,16451.0,11766,1922.18,25537,16253.253253253253,16409.40940940941,16527.527527527527,16227.227227227228,16237.0,0.999
2026-08-28,GOLDTEN,2026-08-31,157350.0,159893.0,155365.0,156690.0,158159.0,1505,2379.48,2175,15684.684684684684,15750.75075075075,16005.305305305305,15552.052052052051,156690.0,9.99
2026-08-28,GOLDTEN,2026-09-30,158400.0,160460.0,156488.0,156595.0,159161.0,48699,77199.21,25173,15675.175175175174,15855.855855855856,16062.062062062061,15664.464464464465,156595.0,9.99
2026-08-28,GOLDTEN,2026-10-30,159519.0,161266.0,157500.0,157736.0,160125.0,12539,19975.29,8980,15789.38938938939,15967.867867867868,16142.742742742743,15765.765765765766,157736.0,9.99
2026-08-28,GOLDTEN,2026-11-30,161208.0,162096.0,158351.0,158988.0,161099.0,4546,7275.67,5583,15914.714714714715,16136.936936936936,16225.825825825825,15850.95095095095,158988.0,9.99
2026-08-28,GOLDTEN,2026-12-31,161590.0,163000.0,159423.0,159938.0,162041.0,1939,3122.5,3232,16009.809809809809,16175.175175175174,16316.316316316315,15958.258258258258,159938.0,9.99
2026-08-28,GOLDTEN,2027-01-29,162557.0,164141.0,160603.0,161253.0,163417.0,884,1434.18,1477,16141.44144144144,16271.971971971972,16430.53053053053,16076.376376376376,161253.0,9.99
2026-09-10,GOLDGUINEA,2026-09-30,123501.0,124167.0,121748.0,122464.0,123612.0,14398,17703.08,10859,15323.323323323324,15453.078078078079,15536.41141141141,15233.733733733734,122464.0,7.992
2026-09-10,GOLDGUINEA,2026-10-30,124380.0,125117.0,122760.0,123526.0,124536.0,4727,5862.19,5903,15456.206206206207,15563.063063063064,15655.28028028028,15360.36036036036,123526.0,7.992
2026-09-10,GOLDGUINEA,2026-11-30,125251.0,125877.0,123750.0,124432.0,125239.0,1983,2475.3,4176,15569.56956956957,15672.047047047046,15750.375375375375,15484.234234234234,124432.0,7.992
2026-09-10,GOLDGUINEA,2026-12-31,126555.0,127068.0,124922.0,125528.0,126387.0,673,849.05,2232,15706.706706706707,15835.21021021021,15899.399399399399,15630.88088088088,125528.0,7.992
2026-09-10,GOLDGUINEA,2027-01-29,127546.0,128318.0,126126.0,126923.0,127682.0,237,302.14,1136,15881.256256256256,15959.20920920921,16055.805805805805,15781.531531531531,126923.0,7.992
2026-09-10,GOLDGUINEA,2027-02-26,128700.0,129232.0,127357.0,127797.0,128781.0,68,87.15,125,15990.615615615616,16103.603603603604,16170.17017017017,15935.56056056056,127797.0,7.992
2026-09-10,GOLDM,2026-10-05,153889.0,154607.0,151500.0,152519.0,153916.0,53293,815591.5,31193,15328.54271356784,15466.231155778896,15538.391959798995,15226.130653266333,1525190.0,99.5
2026-09-10,GOLDM,2026-11-05,155161.0,155398.0,152420.0,153419.0,154667.0,8056,123957.85,8348,15418.994974874373,15594.070351758795,15617.889447236183,15318.592964824122,1534190.0,99.5
2026-09-10,GOLDM,2026-12-04,155436.0,156159.0,153183.0,154202.0,155436.0,2366,36600.53,7290,15497.688442211056,15621.70854271357,15694.371859296483,15395.276381909549,1542020.0,99.5
2026-09-10,GOLDM,2027-01-05,156438.0,157153.0,154300.0,155321.0,156538.0,533,8295.32,1882,15610.150753768845,15722.412060301509,15794.27135678392,15507.537688442213,1553210.0,99.5
2026-09-10,GOLDM,2027-02-05,157502.0,158245.0,155548.0,156646.0,157693.0,188,2948.52,1168,15743.316582914575,15829.346733668342,15904.020100502514,15632.964824120603,1566460.0,99.5
2026-09-10,GOLDM,2027-03-05,157409.0,157409.0,157409.0,157409.0,158796.0,1,15.74,5,15820.000000000002,15820.000000000002,15820.000000000002,15820.000000000002,1574090.0,99.5
2026-09-10,GOLDPETAL,2026-09-30,15439.0,15514.0,15211.0,15313.0,15441.0,320645,49249.79,216045,15328.328328328329,15454.454454454455,15529.52952952953,15226.226226226227,15313.0,0.999
2026-09-10,GOLDPETAL,2026-10-30,15543.0,15635.0,15351.0,15444.0,15565.0,101046,15654.81,106038,15459.45945945946,15558.558558558558,15650.65065065065,15366.366366366366,15444.0,0.999
2026-09-10,GOLDPETAL,2026-11-30,15643.0,15715.0,15441.0,15531.0,15647.0,41409,6451.83,112903,15546.546546546546,15658.658658658658,15730.730730730731,15456.456456456457,15531.0,0.999
2026-09-10,GOLDPETAL,2026-12-31,15776.0,15849.0,15580.0,15663.0,15774.0,15586,2449.07,38777,15678.678678678678,15791.791791791791,15864.864864864865,15595.595595595596,15663.0,0.999
2026-09-10,GOLDPETAL,2027-01-29,15905.0,15977.0,15722.0,15799.0,15903.0,7588,1203.38,32432,15814.814814814816,15920.92092092092,15992.992992992993,15737.737737737738,15799.0,0.999
2026-09-10,GOLDPETAL,2027-02-26,16022.0,16082.0,15843.0,15934.0,16025.0,3151,503.26,3837,15949.94994994995,16038.038038038037,16098.098098098098,15858.85885885886,15934.0,0.999
2026-09-10,GOLDTEN,2026-09-30,153579.0,154770.0,151666.0,152714.0,154058.0,29957,45902.55,24043,15286.686686686686,15373.273273273273,15492.492492492493,15181.781781781781,152714.0,9.99
2026-09-10,GOLDTEN,2026-10-30,154892.0,155681.0,152705.0,153731.0,154953.0,9766,15064.8,11733,15388.488488488489,15504.704704704704,15583.683683683683,15285.785785785785,153731.0,9.99
2026-09-10,GOLDTEN,2026-11-30,155670.0,156592.0,153751.0,154734.0,155906.0,4866,7553.55,8110,15488.888888888889,15582.582582582581,15674.874874874875,15390.49049049049,154734.0,9.99
2026-09-10,GOLDTEN,2026-12-31,156458.0,157469.0,154795.0,155640.0,156793.0,1745,2725.68,3912,15579.579579579578,15661.461461461462,15762.662662662662,15494.994994994995,155640.0,9.99
2026-09-10,GOLDTEN,2027-01-29,158181.0,158750.0,156184.0,157124.0,157980.0,493,776.93,2135,15728.128128128128,15833.933933933933,15890.89089089089,15634.034034034034,157124.0,9.99
2026-09-10,GOLDTEN,2027-02-26,159164.0,159947.0,157277.0,158293.0,158952.0,191,302.57,249,15845.145145145145,15932.332332332331,16010.71071071071,15743.443443443442,158293.0,9.99
2026-09-11,GOLDGUINEA,2026-09-30,121702.0,123599.0,121201.0,122879.0,122464.0,18338,22478.91,10532,15375.25025025025,15227.977977977978,15465.34034034034,15165.29029029029,122879.0,7.992
2026-09-11,GOLDGUINEA,2026-10-30,122886.0,124612.0,122262.0,123931.0,123526.0,6409,7920.44,5949,15506.881881881882,15376.126126126126,15592.092092092093,15298.048048048047,123931.0,7.992
2026-09-11,GOLDGUINEA,2026-11-30,123840.0,125348.0,123143.0,124591.0,124432.0,2523,3135.55,4263,15589.464464464465,15495.495495495496,15684.184184184183,15408.283283283283,124591.0,7.992
2026-09-11,GOLDGUINEA,2026-12-31,125139.0,126456.0,124055.0,125752.0,125528.0,1400,1753.33,2125,15734.734734734735,15658.033033033033,15822.822822822824,15522.397397397397,125752.0,7.992
2026-09-11,GOLDGUINEA,2027-01-29,126000.0,127681.0,125474.0,126870.0,126923.0,498,630.43,1081,15874.624624624625,15765.765765765766,15976.101101101101,15699.94994994995,126870.0,7.992
2026-09-11,GOLDGUINEA,2027-02-26,127011.0,128612.0,126700.0,127945.0,127797.0,139,177.64,152,16009.134134134134,15892.267267267267,16092.592592592593,15853.353353353354,127945.0,7.992
2026-09-11,GOLDM,2026-10-05,151500.0,154000.0,150744.0,152978.0,152519.0,70563,1076681.99,30300,15374.673366834171,15226.130653266333,15477.386934673368,15150.150753768845,1529780.0,99.5
2026-09-11,GOLDM,2026-11-05,152058.0,154780.0,151704.0,153734.0,153419.0,10769,165129.89,8169,15450.65326633166,15282.211055276382,15555.778894472363,15246.633165829147,1537340.0,99.5
2026-09-11,GOLDM,2026-12-04,152701.0,155516.0,152473.0,154383.0,154202.0,4534,69868.17,7295,15515.879396984925,15346.834170854272,15629.748743718594,15323.91959798995,1543830.0,99.5
2026-09-11,GOLDM,2027-01-05,154492.0,156550.0,153640.0,155522.0,155321.0,792,12279.36,1847,15630.351758793971,15526.834170854272,15733.668341708544,15441.206030150755,1555220.0,99.5
2026-09-11,GOLDM,2027-02-05,156001.0,157700.0,154900.0,156797.0,156646.0,259,4045.6,1177,15758.492462311558,15678.492462311558,15849.24623115578,15567.839195979901,1567970.0,99.5
2026-09-11,GOLDM,2027-03-05,156859.0,157271.0,156859.0,157065.0,157409.0,2,31.41,5,15785.427135678394,15764.723618090453,15806.130653266333,15764.723618090453,1570650.0,99.5
2026-09-11,GOLDPETAL,2026-09-30,15289.0,15445.0,14922.0,15353.0,15313.0,386845,59242.74,206246,15368.368368368368,15304.304304304304,15460.460460460461,14936.936936936938,15353.0,0.999
2026-09-11,GOLDPETAL,2026-10-30,15376.0,15571.0,15289.0,15478.0,15444.0,136626,21101.05,104214,15493.493493493494,15391.391391391391,15586.586586586587,15304.304304304304,15478.0,0.999
2026-09-11,GOLDPETAL,2026-11-30,15459.0,15648.0,15375.0,15564.0,15531.0,55059,8545.32,112500,15579.57957957958,15474.474474474475,15663.663663663663,15390.39039039039,15564.0,0.999
2026-09-11,GOLDPETAL,2026-12-31,15581.0,15782.0,15520.0,15697.0,15663.0,23955,3750.45,39112,15712.712712712713,15596.596596596597,15797.797797797797,15535.535535535535,15697.0,0.999
2026-09-11,GOLDPETAL,2027-01-29,15702.0,15908.0,15653.0,15789.0,15799.0,13255,2091.94,31808,15804.804804804804,15717.717717717718,15923.923923923923,15668.668668668668,15789.0,0.999
2026-09-11,GOLDPETAL,2027-02-26,15824.0,16026.0,15740.0,15937.0,15934.0,6405,1016.64,3805,15952.952952952954,15839.83983983984,16042.042042042041,15755.755755755756,15937.0,0.999
2026-09-11,GOLDTEN,2026-09-30,151720.0,154148.0,150500.0,153133.0,152714.0,38642,59015.05,23341,15328.628628628629,15187.187187187186,15430.23023023023,15065.065065065064,153133.0,9.99
2026-09-11,GOLDTEN,2026-10-30,153001.0,155101.0,151849.0,154060.0,153731.0,14981,23021.67,11885,15421.42142142142,15315.415415415415,15525.625625625626,15200.1001001001,154060.0,9.99
2026-09-11,GOLDTEN,2026-11-30,154236.0,155950.0,152506.0,154913.0,154734.0,8443,13041.8,8107,15506.806806806806,15439.039039039038,15610.61061061061,15265.865865865866,154913.0,9.99
2026-09-11,GOLDTEN,2026-12-31,154503.0,156900.0,154151.0,155842.0,155640.0,2498,3883.34,4142,15599.799799799799,15465.765765765766,15705.705705705705,15430.53053053053,155842.0,9.99
2026-09-11,GOLDTEN,2027-01-29,156111.0,158204.0,155593.0,157339.0,157124.0,689,1080.54,2119,15749.64964964965,15626.726726726727,15836.236236236236,15574.874874874875,157339.0,9.99
2026-09-11,GOLDTEN,2027-02-26,156750.0,159295.0,156703.0,158405.0,158293.0,210,331.61,269,15856.356356356357,15690.69069069069,15945.445445445444,15685.985985985986,158405.0,9.99
2026-09-14,GOLDGUINEA,2026-09-30,121411.0,122199.0,120600.0,121569.0,122879.0,8367,10145.71,10890,15211.336336336337,15191.566566566567,15290.165165165165,15090.09009009009,121569.0,7.992
2026-09-14,GOLDGUINEA,2026-10-30,122301.0,123034.0,121701.0,122584.0,123931.0,3171,3881.03,6305,15338.338338338339,15302.927927927927,15394.644644644644,15227.852852852853,122584.0,7.992
2026-09-14,GOLDGUINEA,2026-11-30,124500.0,124500.0,122400.0,123379.0,124591.0,1525,1877.75,4441,15437.812812812814,15578.078078078079,15578.078078078079,15315.315315315316,123379.0,7.992
2026-09-14,GOLDGUINEA,2026-12-31,124499.0,124859.0,123626.0,124694.0,125752.0,707,879.15,2205,15602.352352352353,15577.952952952954,15622.997997997998,15468.71871871872,124694.0,7.992
2026-09-14,GOLDGUINEA,2027-01-29,125602.0,125989.0,124900.0,125682.0,126870.0,217,272.37,1105,15725.975975975976,15715.965965965966,15764.38938938939,15628.128128128128,125682.0,7.992
2026-09-14,GOLDGUINEA,2027-02-26,127000.0,127100.0,125506.0,126675.0,127945.0,102,128.88,176,15850.225225225226,15890.89089089089,15903.403403403403,15703.953953953955,126675.0,7.992
2026-09-14,GOLDM,2026-10-05,152811.0,152812.0,150005.0,151385.0,152978.0,28820,434806.06,31485,15214.57286432161,15357.889447236183,15357.989949748744,15075.879396984925,1513850.0,99.5
2026-09-14,GOLDM,2026-11-05,153062.0,153150.0,150811.0,152191.0,153734.0,5630,85406.64,8751,15295.577889447237,15383.115577889448,15391.959798994976,15156.884422110554,1521910.0,99.5
2026-09-14,GOLDM,2026-12-04,153457.0,153457.0,151445.0,152861.0,154383.0,3029,46145.91,7576,15362.914572864323,15422.81407035176,15422.81407035176,15220.603015075378,1528610.0,99.5
2026-09-14,GOLDM,2027-01-05,154162.0,154226.0,152647.0,153945.0,155522.0,536,8227.35,1939,15471.859296482413,15493.668341708544,15500.100502512563,15341.40703517588,1539450.0,99.5
2026-09-14,GOLDM,2027-02-05,155000.0,155282.0,153947.0,155063.0,156797.0,223,3447.65,1227,15584.221105527638,15577.889447236183,15606.231155778896,15472.06030150754,1550630.0,99.5
2026-09-14,GOLDM,2027-03-05,156657.0,156657.0,155291.0,155882.0,157065.0,5,77.94,8,15666.532663316584,15744.422110552765,15744.422110552765,15607.13567839196,1558820.0,99.5
2026-09-14,GOLDPETAL,2026-09-30,15355.0,15355.0,14902.0,15191.0,15353.0,166065,25158.64,206359,15206.206206206207,15370.37037037037,15370.37037037037,14916.916916916916,15191.0,0.999
2026-09-14,GOLDPETAL,2026-10-30,15361.0,15361.0,15104.0,15320.0,15478.0,62217,9510.41,109975,15335.335335335336,15376.376376376376,15376.376376376376,15119.11911911912,15320.0,0.999
2026-09-14,GOLDPETAL,2026-11-30,15422.0,15486.0,15286.0,15403.0,15564.0,27998,4303.89,112483,15418.418418418418,15437.437437437438,15501.501501501501,15301.3013013013,15403.0,0.999
2026-09-14,GOLDPETAL,2026-12-31,15600.0,15600.0,15427.0,15535.0,15697.0,12167,1886.47,39724,15550.55055055055,15615.615615615616,15615.615615615616,15442.442442442443,15535.0,0.999
2026-09-14,GOLDPETAL,2027-01-29,15647.0,15726.0,15569.0,15663.0,15789.0,5192,812.04,32107,15678.678678678678,15662.662662662662,15741.741741741742,15584.584584584585,15663.0,0.999
2026-09-14,GOLDPETAL,2027-02-26,15800.0,15861.0,15700.0,15805.0,15937.0,2879,454.19,3999,15820.820820820822,15815.815815815817,15876.876876876877,15715.715715715716,15805.0,0.999
2026-09-14,GOLDTEN,2026-09-30,152402.0,152402.0,150110.0,151568.0,153133.0,18540,28005.91,23926,15171.971971971972,15255.455455455454,15255.455455455454,15026.026026026026,151568.0,9.99
2026-09-14,GOLDTEN,2026-10-30,152723.0,152820.0,151212.0,152556.0,154060.0,7653,11642.73,12538,15270.870870870871,15287.587587587588,15297.297297297297,15136.336336336337,152556.0,9.99
2026-09-14,GOLDTEN,2026-11-30,152886.0,153583.0,151999.0,153331.0,154913.0,3697,5652.01,8702,15348.448448448447,15303.903903903903,15373.673673673673,15215.115115115115,153331.0,9.99
2026-09-14,GOLDTEN,2026-12-31,153370.0,154810.0,153152.0,154351.0,155842.0,1121,1725.25,4205,15450.55055055055,15352.352352352353,15496.496496496497,15330.53053053053,154351.0,9.99
2026-09-14,GOLDTEN,2027-01-29,156105.0,156105.0,154627.0,155714.0,157339.0,645,1002.25,2268,15586.986986986987,15626.126126126126,15626.126126126126,15478.178178178177,155714.0,9.99
2026-09-14,GOLDTEN,2027-02-26,157429.0,157659.0,155800.0,156789.0,158405.0,277,433.6,342,15694.594594594595,15758.658658658658,15781.68168168168,15595.595595595596,156789.0,9.99
2026-09-17,GOLDGUINEA,2026-09-30,121212.0,123320.0,120400.0,122959.0,122524.0,11413,13949.36,10218,15385.26026026026,15166.666666666666,15430.43043043043,15065.065065065066,122959.0,7.992
2026-09-17,GOLDGUINEA,2026-10-30,122332.0,124240.0,121800.0,123974.0,123461.0,5430,6694.95,6518,15512.262262262262,15306.806806806806,15545.545545545545,15240.24024024024,123974.0,7.992
2026-09-17,GOLDGUINEA,2026-11-30,123243.0,124835.0,122769.0,124668.0,124174.0,2366,2933.93,4621,15599.0990990991,15420.795795795795,15619.994994994995,15361.486486486487,124668.0,7.992
2026-09-17,GOLDGUINEA,2026-12-31,124556.0,126017.0,123849.0,125870.0,125290.0,536,670.97,2106,15749.4994994995,15585.085085085086,15767.892892892893,15496.621621621622,125870.0,7.992
2026-09-17,GOLDGUINEA,2027-01-29,124989.0,127111.0,124989.0,126846.0,126355.0,177,223.74,1083,15871.621621621622,15639.264264264264,15904.77977977978,15639.264264264264,126846.0,7.992
2026-09-17,GOLDGUINEA,2027-02-26,125779.0,128200.0,125779.0,127930.0,127296.0,62,78.96,199,16007.257257257257,15738.113113113113,16041.04104104104,15738.113113113113,127930.0,7.992
2026-09-17,GOLDM,2026-10-05,150868.0,153590.0,150443.0,153114.0,152632.0,50917,775112.17,31052,15388.341708542715,15162.613065326634,15436.180904522615,15119.899497487439,1531140.0,99.5
2026-09-17,GOLDM,2026-11-05,152100.0,154350.0,151257.0,153898.0,153443.0,10097,154512.36,9500,15467.13567839196,15286.43216080402,15512.562814070352,15201.708542713568,1538980.0,99.5
2026-09-17,GOLDM,2026-12-04,152747.0,155000.0,152110.0,154658.0,154220.0,4674,71756.35,8006,15543.5175879397,15351.457286432162,15577.889447236183,15287.43718592965,1546580.0,99.5
2026-09-17,GOLDM,2027-01-05,153757.0,156081.0,153450.0,155714.0,155349.0,689,10659.65,1973,15649.64824120603,15452.964824120603,15686.532663316584,15422.110552763821,1557140.0,99.5
2026-09-17,GOLDM,2027-02-05,154889.0,157340.0,154750.0,156918.0,156559.0,321,5007.83,1203,15770.65326633166,15566.733668341709,15813.065326633166,15552.763819095479,1569180.0,99.5
2026-09-17,GOLDM,2027-03-05,156210.0,158300.0,155840.0,157993.0,156840.0,25,392.49,18,15878.693467336685,15699.497487437187,15909.547738693469,15662.311557788946,1579930.0,99.5
2026-09-17,GOLDPETAL,2026-09-30,15299.0,15393.0,15100.0,15360.0,15299.0,261967,40005.46,194763,15375.375375375375,15314.314314314315,15408.408408408408,15115.115115115115,15360.0,0.999
2026-09-17,GOLDPETAL,2026-10-30,15355.0,15520.0,15237.0,15482.0,15431.0,96695,14893.35,112654,15497.497497497498,15370.37037037037,15535.535535535535,15252.252252252252,15482.0,0.999
2026-09-17,GOLDPETAL,2026-11-30,15462.0,15597.0,15340.0,15566.0,15505.0,58364,9027.53,119328,15581.581581581582,15477.477477477478,15612.612612612613,15355.355355355356,15566.0,0.999
2026-09-17,GOLDPETAL,2026-12-31,15495.0,15734.0,15457.0,15696.0,15629.0,17790,2777.59,39435,15711.711711711712,15510.51051051051,15749.74974974975,15472.472472472473,15696.0,0.999
2026-09-17,GOLDPETAL,2027-01-29,15611.0,15869.0,15508.0,15826.0,15762.0,6747,1063.27,32317,15841.841841841842,15626.626626626627,15884.884884884885,15523.523523523523,15826.0,0.999
2026-09-17,GOLDPETAL,2027-02-26,15750.0,15989.0,15699.0,15958.0,15869.0,3649,579.12,5058,15973.973973973974,15765.765765765766,16005.005005005005,15714.714714714715,15958.0,0.999
2026-09-17,GOLDTEN,2026-09-30,151750.0,153749.0,150555.0,153318.0,152756.0,28203,42977.42,22072,15347.147147147147,15190.19019019019,15390.29029029029,15070.57057057057,153318.0,9.99
2026-09-17,GOLDTEN,2026-10-30,153221.0,154711.0,151570.0,154246.0,153773.0,12803,19644.04,12693,15440.04004004004,15337.437437437437,15486.586586586587,15172.172172172171,154246.0,9.99
2026-09-17,GOLDTEN,2026-11-30,152880.0,155415.0,152190.0,155020.0,154642.0,6394,9858.51,8742,15517.517517517517,15303.303303303303,15557.057057057056,15234.234234234234,155020.0,9.99
2026-09-17,GOLDTEN,2026-12-31,154877.0,156355.0,153131.0,156054.0,155496.0,1758,2728.75,4346,15621.02102102102,15503.203203203202,15651.15115115115,15328.428428428428,156054.0,9.99
2026-09-17,GOLDTEN,2027-01-29,155512.0,157835.0,155424.0,157427.0,156986.0,803,1258.41,2176,15758.458458458457,15566.766766766767,15799.299299299299,15557.957957957957,157427.0,9.99
2026-09-17,GOLDTEN,2027-02-26,156500.0,158874.0,156342.0,158514.0,157926.0,253,398.68,385,15867.267267267267,15665.665665665665,15903.303303303303,15649.84984984985,158514.0,9.99
2026-09-18,GOLDGUINEA,2026-09-30,122625.0,124150.0,122321.0,123861.0,122959.0,10595,13089.09,9737,15498.123123123123,15343.468468468469,15534.284284284284,15305.43043043043,123861.0,7.992
2026-09-18,GOLDGUINEA,2026-10-30,123282.0,125189.0,123282.0,124977.0,123974.0,6078,7573.3,6568,15637.762762762763,15425.675675675675,15664.289289289289,15425.675675675675,124977.0,7.992
2026-09-18,GOLDGUINEA,2026-11-30,124737.0,125800.0,124161.0,125712.0,124668.0,2928,3670.94,4735,15729.72972972973,15607.732732732733,15740.74074074074,15535.66066066066,125712.0,7.992
2026-09-18,GOLDGUINEA,2026-12-31,125500.0,127049.0,125500.0,126877.0,125870.0,758,959.77,2111,15875.5005005005,15703.203203203204,15897.022022022022,15703.203203203204,126877.0,7.992
2026-09-18,GOLDGUINEA,2027-01-29,126439.0,128077.0,126439.0,127973.0,126846.0,291,371.33,1052,16012.637637637637,15820.695695695696,16025.65065065065,15820.695695695696,127973.0,7.992
2026-09-18,GOLDGUINEA,2027-02-26,128066.0,129177.0,127888.0,128866.0,127930.0,87,111.88,196,16124.374374374374,16024.274274274274,16163.288288288288,16002.002002002002,128866.0,7.992
2026-09-18,GOLDM,2026-10-05,152434.0,154696.0,152304.0,154467.0,153114.0,52608,809758.91,31588,15524.321608040202,15320.000000000002,15547.336683417087,15306.934673366835,1544670.0,99.5
2026-09-18,GOLDM,2026-11-05,154100.0,155596.0,153204.0,155397.0,153898.0,12020,186044.54,10326,15617.78894472362,15487.43718592965,15637.78894472362,15397.386934673368,1553970.0,99.5
2026-09-18,GOLDM,2026-12-04,154351.0,156300.0,153855.0,156159.0,154658.0,6064,94271.14,8161,15694.371859296483,15512.663316582915,15708.54271356784,15462.81407035176,1561590.0,99.5
2026-09-18,GOLDM,2027-01-05,155077.0,157440.0,155075.0,157254.0,155714.0,681,10670.64,1987,15804.422110552765,15585.628140703519,15823.115577889448,15585.427135678394,1572540.0,99.5
2026-09-18,GOLDM,2027-02-05,156323.0,158680.0,156323.0,158574.0,156918.0,372,5875.61,1233,15937.08542713568,15710.854271356786,15947.738693467338,15710.854271356786,1585740.0,99.5
2026-09-18,GOLDM,2027-03-05,158100.0,159600.0,158100.0,159136.0,157993.0,20,318.24,28,15993.567839195981,15889.447236180906,16040.201005025127,15889.447236180906,1591360.0,99.5
2026-09-18,GOLDPETAL,2026-09-30,15360.0,15514.0,15273.0,15480.0,15360.0,258446,39892.25,184129,15495.495495495496,15375.375375375375,15529.52952952953,15288.288288288288,15480.0,0.999
2026-09-18,GOLDPETAL,2026-10-30,15483.0,15637.0,15400.0,15612.0,15482.0,113376,17651.41,116731,15627.627627627628,15498.498498498499,15652.652652652652,15415.415415415415,15612.0,0.999
2026-09-18,GOLDPETAL,2026-11-30,15560.0,15716.0,15493.0,15695.0,15566.0,65996,10328.16,124025,15710.710710710711,15575.575575575576,15731.731731731732,15508.508508508508,15695.0,0.999
2026-09-18,GOLDPETAL,2026-12-31,15649.0,15850.0,15632.0,15826.0,15696.0,19239,3036.42,40237,15841.841841841842,15664.664664664664,15865.865865865866,15647.647647647647,15826.0,0.999
2026-09-18,GOLDPETAL,2027-01-29,15801.0,15989.0,15775.0,15962.0,15826.0,9227,1468.32,32291,15977.977977977978,15816.816816816818,16005.005005005005,15790.79079079079,15962.0,0.999
2026-09-18,GOLDPETAL,2027-02-26,15935.0,16098.0,15900.0,16072.0,15958.0,4381,702.61,5207,16088.088088088089,15950.950950950952,16114.114114114114,15915.915915915915,16072.0,0.999
2026-09-18,GOLDTEN,2026-09-30,152960.0,154974.0,152460.0,154617.0,153318.0,28177,43420.53,20605,15477.177177177176,15311.31131131131,15512.912912912912,15261.261261261261,154617.0,9.99
2026-09-18,GOLDTEN,2026-10-30,154000.0,155931.0,153568.0,155731.0,154246.0,16584,25735.38,14953,15588.688688688688,15415.415415415415,15608.708708708707,15372.172172172171,155731.0,9.99
2026-09-18,GOLDTEN,2026-11-30,154453.0,156651.0,154327.0,156501.0,155020.0,6923,10795.68,8946,15665.765765765766,15460.76076076076,15680.78078078078,15448.148148148148,156501.0,9.99
2026-09-18,GOLDTEN,2026-12-31,155591.0,157744.0,155333.0,157571.0,156054.0,1682,2641.35,4434,15772.872872872873,15574.674674674674,15790.19019019019,15548.84884884885,157571.0,9.99
2026-09-18,GOLDTEN,2027-01-29,157001.0,159155.0,156620.0,159039.0,157427.0,1008,1596.46,2139,15919.819819819819,15715.815815815815,15931.43143143143,15677.677677677677,159039.0,9.99
2026-09-18,GOLDTEN,2027-02-26,158316.0,160202.0,158316.0,159997.0,158514.0,333,531.2,405,16015.715715715716,15847.447447447446,16036.236236236236,15847.447447447446,159997.0,9.99
2026-09-21,GOLDGUINEA,2026-09-30,123389.0,123828.0,122880.0,123071.0,123861.0,7565,9332.8,9694,15399.274274274274,15439.064064064065,15493.993993993994,15375.375375375375,123071.0,7.992
2026-09-21,GOLDGUINEA,2026-10-30,124468.0,124880.0,124039.0,124258.0,124977.0,5091,6336.18,7369,15547.797797797797,15574.074074074075,15625.625625625626,15520.395395395395,124258.0,7.992
2026-09-21,GOLDGUINEA,2026-11-30,125200.0,125660.0,124805.0,125155.0,125712.0,2132,2670.26,4917,15660.035035035035,15665.665665665665,15723.223223223224,15616.241241241241,125155.0,7.992
2026-09-21,GOLDGUINEA,2026-12-31,126308.0,126935.0,126140.0,126441.0,126877.0,547,692.12,2195,15820.945945945947,15804.304304304304,15882.757757757758,15783.283283283283,126441.0,7.992
2026-09-21,GOLDGUINEA,2027-01-29,127215.0,128176.0,127215.0,127647.0,127973.0,281,358.76,1103,15971.846846846847,15917.792792792792,16038.038038038037,15917.792792792792,127647.0,7.992
2026-09-21,GOLDGUINEA,2027-02-26,128890.0,129111.0,128387.0,128750.0,128866.0,44,56.65,205,16109.85985985986,16127.377377377377,16155.03003003003,16064.43943943944,128750.0,7.992
2026-09-21,GOLDM,2026-10-05,153355.0,154233.0,152767.0,153176.0,154467.0,45475,698493.74,37638,15394.57286432161,15412.562814070352,15500.804020100504,15353.467336683418,1531760.0,99.5
2026-09-21,GOLDM,2026-11-05,154105.0,155178.0,154001.0,154238.0,155397.0,9751,150741.92,12395,15501.306532663317,15487.939698492464,15595.778894472363,15477.487437185931,1542380.0,99.5
2026-09-21,GOLDM,2026-12-04,155574.0,155999.0,154760.0,155128.0,156159.0,4398,68333.72,9069,15590.753768844223,15635.577889447237,15678.291457286434,15553.768844221107,1551280.0,99.5
2026-09-21,GOLDM,2027-01-05,156699.0,157186.0,156038.0,156432.0,157254.0,574,8989.2,2192,15721.809045226131,15748.643216080403,15797.587939698493,15682.211055276382,1564320.0,99.5
2026-09-21,GOLDM,2027-02-05,157811.0,158543.0,157338.0,157707.0,158574.0,332,5244.15,1315,15849.94974874372,15860.402010050253,15933.969849246232,15812.864321608042,1577070.0,99.5
2026-09-21,GOLDM,2027-03-05,159113.0,159500.0,158619.0,158894.0,159136.0,19,302.05,39,15969.24623115578,15991.256281407037,16030.150753768845,15941.608040201007,1588940.0,99.5
2026-09-21,GOLDPETAL,2026-09-30,15426.0,15466.0,15350.0,15373.0,15480.0,202166,31149.75,173815,15388.388388388388,15441.441441441442,15481.481481481482,15365.365365365366,15373.0,0.999
2026-09-21,GOLDPETAL,2026-10-30,15572.0,15603.0,15490.0,15516.0,15612.0,95888,14907.63,124922,15531.531531531531,15587.587587587588,15618.618618618619,15505.505505505505,15516.0,0.999
2026-09-21,GOLDPETAL,2026-11-30,15649.0,15693.0,15590.0,15621.0,15695.0,42513,6648.87,118695,15636.636636636636,15664.664664664664,15708.70870870871,15605.605605605606,15621.0,0.999
2026-09-21,GOLDPETAL,2026-12-31,15759.0,15829.0,15730.0,15765.0,15826.0,11079,1748.16,41363,15780.78078078078,15774.774774774774,15844.844844844845,15745.745745745746,15765.0,0.999
2026-09-21,GOLDPETAL,2027-01-29,15912.0,15970.0,15876.0,15906.0,15962.0,6081,968.65,33268,15921.921921921921,15927.927927927927,15985.985985985986,15891.891891891892,15906.0,0.999
2026-09-21,GOLDPETAL,2027-02-26,16018.0,16099.0,16000.0,16042.0,16072.0,2801,449.77,5200,16058.058058058057,16034.034034034034,16115.115115115115,16016.016016016016,16042.0,0.999
2026-09-21,GOLDTEN,2026-09-30,153789.0,154409.0,153156.0,153420.0,154617.0,22460,34543.75,20914,15357.357357357358,15394.294294294294,15456.356356356357,15330.93093093093,153420.0,9.99
2026-09-21,GOLDTEN,2026-10-30,155000.0,155497.0,154300.0,154555.0,155731.0,13909,21542.54,17264,15470.970970970971,15515.515515515515,15565.265265265265,15445.445445445444,154555.0,9.99
2026-09-21,GOLDTEN,2026-11-30,155824.0,156336.0,155186.0,155570.0,156501.0,4853,7559.88,9826,15572.572572572572,15597.997997997998,15649.24924924925,15534.134134134134,155570.0,9.99
2026-09-21,GOLDTEN,2026-12-31,156933.0,157537.0,156421.0,156842.0,157571.0,1324,2078.47,4514,15699.8998998999,15709.009009009009,15769.46946946947,15657.757757757758,156842.0,9.99
2026-09-21,GOLDTEN,2027-01-29,158206.0,158950.0,157951.0,158348.0,159039.0,684,1083.93,2297,15850.65065065065,15836.436436436436,15910.91091091091,15810.91091091091,158348.0,9.99
2026-09-21,GOLDTEN,2027-02-26,159597.0,160000.0,159000.0,159458.0,159997.0,331,527.81,401,15961.761761761762,15975.675675675675,16016.016016016016,15915.915915915915,159458.0,9.99
2026-09-22,GOLDGUINEA,2026-09-30,123392.0,123471.0,121950.0,122616.0,123071.0,8681,10641.52,9312,15342.342342342343,15439.43943943944,15449.324324324325,15259.009009009009,122616.0,7.992
2026-09-22,GOLDGUINEA,2026-10-30,124172.0,124482.0,123075.0,123762.0,124258.0,6787,8393.88,8294,15485.735735735736,15537.037037037036,15575.825825825827,15399.774774774774,123762.0,7.992
2026-09-22,GOLDGUINEA,2026-11-30,125235.0,125286.0,124119.0,124898.0,125155.0,2454,3059.55,5323,15627.877877877878,15670.045045045044,15676.426426426426,15530.405405405405,124898.0,7.992
2026-09-22,GOLDGUINEA,2026-12-31,126567.0,126636.0,125501.0,126212.0,126441.0,808,1017.9,2359,15792.292292292292,15836.711711711712,15845.345345345346,15703.328328328329,126212.0,7.992
2026-09-22,GOLDGUINEA,2027-01-29,127647.0,127721.0,126814.0,127353.0,127647.0,256,325.8,1158,15935.06006006006,15971.846846846847,15981.106106106106,15867.617617617618,127353.0,7.992
2026-09-22,GOLDGUINEA,2027-02-26,128750.0,128750.0,127802.0,128532.0,128750.0,82,105.19,232,16082.582582582583,16109.85985985986,16109.85985985986,15991.241241241241,128532.0,7.992
2026-09-22,GOLDM,2026-10-05,153101.0,153490.0,151575.0,152697.0,153176.0,46209,704745.87,37554,15346.43216080402,15387.035175879399,15426.130653266333,15233.668341708544,1526970.0,99.5
2026-09-22,GOLDM,2026-11-05,154240.0,154576.0,152781.0,153870.0,154238.0,12161,186768.38,13661,15464.321608040202,15501.507537688443,15535.276381909549,15354.874371859298,1538700.0,99.5
2026-09-22,GOLDM,2026-12-04,155339.0,155410.0,153801.0,154889.0,155128.0,3854,59596.0,9349,15566.733668341709,15611.959798994976,15619.095477386936,15457.386934673368,1548890.0,99.5
2026-09-22,GOLDM,2027-01-05,156607.0,156646.0,155029.0,156112.0,156432.0,891,13879.97,2365,15689.64824120603,15739.396984924624,15743.316582914575,15580.804020100504,1561120.0,99.5
2026-09-22,GOLDM,2027-02-05,157700.0,157889.0,156485.0,157428.0,157707.0,278,4369.53,1369,15821.909547738695,15849.24623115578,15868.241206030152,15727.13567839196,1574280.0,99.5
2026-09-22,GOLDM,2027-03-05,158810.0,158895.0,157800.0,158159.0,158894.0,18,285.13,44,15895.376884422112,15960.804020100504,15969.346733668342,15859.29648241206,1581590.0,99.5
2026-09-22,GOLDPETAL,2026-09-30,15361.0,15400.0,15228.0,15314.0,15373.0,199719,30578.32,159751,15329.32932932933,15376.376376376376,15415.415415415415,15243.243243243243,15314.0,0.999
2026-09-22,GOLDPETAL,2026-10-30,15503.0,15549.0,15375.0,15466.0,15516.0,126094,19484.48,141458,15481.481481481482,15518.518518518518,15564.564564564565,15390.39039039039,15466.0,0.999
2026-09-22,GOLDPETAL,2026-11-30,15635.0,15654.0,15494.0,15581.0,15621.0,40997,6380.19,119616,15596.596596596597,15650.65065065065,15669.669669669669,15509.50950950951,15581.0,0.999
2026-09-22,GOLDPETAL,2026-12-31,15770.0,15790.0,15645.0,15721.0,15765.0,13686,2150.55,42719,15736.736736736737,15785.785785785785,15805.805805805805,15660.66066066066,15721.0,0.999
2026-09-22,GOLDPETAL,2027-01-29,15912.0,15930.0,15794.0,15875.0,15906.0,6583,1044.04,34476,15890.89089089089,15927.927927927927,15945.945945945947,15809.809809809809,15875.0,0.999
2026-09-22,GOLDPETAL,2027-02-26,16007.0,16064.0,15930.0,16006.0,16042.0,2082,333.1,5222,16022.022022022022,16023.023023023023,16080.08008008008,15945.945945945947,16006.0,0.999
2026-09-22,GOLDTEN,2026-09-30,153585.0,153765.0,151904.0,152967.0,153420.0,23524,35933.23,19764,15312.012012012012,15373.873873873874,15391.891891891892,15205.605605605606,152967.0,9.99
2026-09-22,GOLDTEN,2026-10-30,154735.0,154889.0,153061.0,154183.0,154555.0,15712,24175.15,17162,15433.733733733734,15488.98898898899,15504.404404404404,15321.42142142142,154183.0,9.99
2026-09-22,GOLDTEN,2026-11-30,155499.0,155848.0,154241.0,155256.0,155570.0,4484,6949.16,10290,15541.14114114114,15565.465465465466,15600.4004004004,15439.539539539539,155256.0,9.99
2026-09-22,GOLDTEN,2026-12-31,156996.0,157125.0,155552.0,156485.0,156842.0,1777,2776.56,4816,15664.164164164164,15715.315315315314,15728.228228228229,15570.77077077077,156485.0,9.99
2026-09-22,GOLDTEN,2027-01-29,158531.0,158610.0,157199.0,158041.0,158348.0,502,792.56,2406,15819.91991991992,15868.96896896897,15876.876876876877,15735.635635635635,158041.0,9.99
2026-09-22,GOLDTEN,2027-02-26,159711.0,159712.0,158335.0,159167.0,159458.0,209,332.46,438,15932.632632632633,15987.087087087088,15987.187187187186,15849.34934934935,159167.0,9.99
2026-09-23,GOLDGUINEA,2026-09-30,122578.0,122890.0,121603.0,121720.0,122616.0,6598,8059.47,9095,15230.23023023023,15337.587587587588,15376.626626626627,15215.590590590591,121720.0,7.992
2026-09-23,GOLDGUINEA,2026-10-30,123551.0,123999.0,122622.0,122720.0,123762.0,7611,9381.95,9479,15355.355355355356,15459.334334334335,15515.39039039039,15343.093093093094,122720.0,7.992
2026-09-23,GOLDGUINEA,2026-11-30,124799.0,125073.0,123200.0,123760.0,124898.0,2708,3365.0,5800,15485.485485485486,15615.49049049049,15649.774774774774,15415.415415415415,123760.0,7.992
2026-09-23,GOLDGUINEA,2026-12-31,126036.0,126462.0,125001.0,125129.0,126212.0,1063,1334.84,2567,15656.781781781781,15770.27027027027,15823.573573573574,15640.765765765766,125129.0,7.992
2026-09-23,GOLDGUINEA,2027-01-29,127373.0,127591.0,126500.0,126544.0,127353.0,317,402.17,1315,15833.833833833834,15937.562562562563,15964.83983983984,15828.328328328329,126544.0,7.992
2026-09-23,GOLDGUINEA,2027-02-26,128267.0,128688.0,127487.0,127968.0,128532.0,69,88.26,243,16012.012012012012,16049.424424424424,16102.102102102102,15951.826826826828,127968.0,7.992
2026-09-23,GOLDM,2026-10-05,152527.0,152967.0,151100.0,151292.0,152697.0,32597,494986.95,37440,15205.226130653267,15329.346733668342,15373.567839195981,15185.929648241206,1512920.0,99.5
2026-09-23,GOLDM,2026-11-05,153912.0,154103.0,152321.0,152502.0,153870.0,11408,174590.37,16374,15326.834170854272,15468.54271356784,15487.738693467338,15308.643216080403,1525020.0,99.5
2026-09-23,GOLDM,2026-12-04,155076.0,155076.0,153300.0,153580.0,154889.0,3272,50374.85,9446,15435.175879396986,15585.527638190955,15585.527638190955,15407.035175879399,1535800.0,99.5
2026-09-23,GOLDM,2027-01-05,155961.0,156269.0,154601.0,154926.0,156112.0,974,15125.36,2582,15570.452261306535,15674.472361809047,15705.427135678394,15537.78894472362,1549260.0,99.5
2026-09-23,GOLDM,2027-02-05,157566.0,157671.0,156100.0,156367.0,157428.0,276,4321.04,1473,15715.276381909549,15835.778894472363,15846.331658291458,15688.442211055277,1563670.0,99.5
2026-09-23,GOLDM,2027-03-05,158950.0,158950.0,157600.0,158148.0,158159.0,8,126.52,46,15894.27135678392,15974.874371859298,15974.874371859298,15839.1959798995,1581480.0,99.5
2026-09-23,GOLDPETAL,2026-09-30,15299.0,15351.0,15190.0,15200.0,15314.0,141684,21615.3,148065,15215.215215215216,15314.314314314315,15366.366366366366,15205.205205205206,15200.0,0.999
2026-09-23,GOLDPETAL,2026-10-30,15451.0,15495.0,15330.0,15343.0,15466.0,107673,16578.96,143863,15358.358358358359,15466.466466466467,15510.51051051051,15345.345345345346,15343.0,0.999
2026-09-23,GOLDPETAL,2026-11-30,15570.0,15609.0,15457.0,15468.0,15581.0,49402,7666.02,121900,15483.483483483484,15585.585585585586,15624.624624624625,15472.472472472473,15468.0,0.999
2026-09-23,GOLDPETAL,2026-12-31,15715.0,15755.0,15606.0,15623.0,15721.0,15719,2462.34,44258,15638.638638638638,15730.730730730731,15770.77077077077,15621.621621621622,15623.0,0.999
2026-09-23,GOLDPETAL,2027-01-29,15868.0,15914.0,15761.0,15772.0,15875.0,5806,918.19,36363,15787.787787787787,15883.883883883884,15929.92992992993,15776.776776776776,15772.0,0.999
2026-09-23,GOLDPETAL,2027-02-26,15994.0,16044.0,15903.0,15911.0,16006.0,2709,432.1,5814,15926.926926926926,16010.01001001001,16060.06006006006,15918.918918918918,15911.0,0.999
2026-09-23,GOLDTEN,2026-09-30,152465.0,153249.0,151482.0,151684.0,152967.0,15099,22990.54,19387,15183.583583583582,15261.761761761762,15340.24024024024,15163.363363363364,151684.0,9.99
2026-09-23,GOLDTEN,2026-10-30,154141.0,154396.0,152669.0,152895.0,154183.0,13879,21282.96,19755,15304.804804804804,15429.52952952953,15455.055055055054,15282.182182182181,152895.0,9.99
2026-09-23,GOLDTEN,2026-11-30,155134.0,155511.0,153700.0,153930.0,155256.0,5007,7729.5,11079,15408.408408408408,15528.928928928928,15566.666666666666,15385.385385385385,153930.0,9.99
2026-09-23,GOLDTEN,2026-12-31,156434.0,156700.0,155138.0,155399.0,156485.0,1706,2658.42,5083,15555.455455455454,15659.059059059058,15685.685685685685,15529.329329329328,155399.0,9.99
2026-09-23,GOLDTEN,2027-01-29,158050.0,158285.0,156700.0,157083.0,158041.0,549,863.72,2541,15724.024024024024,15820.82082082082,15844.344344344345,15685.685685685685,157083.0,9.99
2026-09-23,GOLDTEN,2027-02-26,159213.0,159399.0,158001.0,158325.0,159167.0,205,324.86,465,15848.348348348349,15937.237237237237,15955.855855855856,15815.915915915915,158325.0,9.99
2026-09-24,GOLDGUINEA,2026-09-30,121447.0,121867.0,120765.0,121094.0,121720.0,7073,8569.15,7692,15151.901901901902,15196.071071071072,15248.623623623624,15110.735735735736,121094.0,7.992
2026-09-24,GOLDGUINEA,2026-10-30,122451.0,123272.0,121745.0,122188.0,122720.0,9727,11889.87,10848,15288.788788788788,15321.696696696697,15424.424424424424,15233.358358358359,122188.0,7.992
2026-09-24,GOLDGUINEA,2026-11-30,123786.0,124070.0,123000.0,123399.0,123760.0,2665,3290.01,5580,15440.315315315316,15488.738738738739,15524.274274274274,15390.39039039039,123399.0,7.992
2026-09-24,GOLDGUINEA,2026-12-31,125085.0,125293.0,124300.0,124662.0,125129.0,996,1242.47,2627,15598.348348348349,15651.276276276276,15677.302302302302,15553.053053053052,124662.0,7.992
2026-09-24,GOLDGUINEA,2027-01-29,126401.0,126584.0,124979.0,125971.0,126544.0,659,830.21,1325,15762.137137137137,15815.940940940942,15838.83883883884,15638.013013013013,125971.0,7.992
2026-09-24,GOLDGUINEA,2027-02-26,127800.0,127949.0,126763.0,127217.0,127968.0,233,296.63,306,15918.043043043042,15990.990990990991,16009.634634634634,15861.236236236236,127217.0,7.992
2026-09-24,GOLDM,2026-10-05,151190.0,151481.0,150100.0,150617.0,151292.0,37021,557828.18,32243,15137.386934673368,15194.974874371861,15224.221105527638,15085.427135678394,1506170.0,99.5
2026-09-24,GOLDM,2026-11-05,152501.0,152557.0,151378.0,151885.0,152502.0,13221,200876.35,18656,15264.824120603016,15326.733668341709,15332.361809045227,15213.869346733669,1518850.0,99.5
2026-09-24,GOLDM,2026-12-04,153699.0,153699.0,152433.0,152994.0,153580.0,4771,72977.98,9601,15376.281407035178,15447.13567839196,15447.13567839196,15319.899497487439,1529940.0,99.5
2026-09-24,GOLDM,2027-01-05,155000.0,155000.0,153575.0,154239.0,154926.0,1288,19850.3,2902,15501.40703517588,15577.889447236183,15577.889447236183,15434.673366834171,1542390.0,99.5
2026-09-24,GOLDM,2027-02-05,156377.0,156377.0,154975.0,155628.0,156367.0,438,6815.26,1551,15641.005025125629,15716.281407035178,15716.281407035178,15575.376884422112,1556280.0,99.5
2026-09-24,GOLDM,2027-03-05,157435.0,157435.0,156499.0,156601.0,158148.0,31,486.44,50,15738.793969849248,15822.613065326634,15822.613065326634,15728.54271356784,1566010.0,99.5
2026-09-24,GOLDPETAL,2026-09-30,15182.0,15209.0,15087.0,15126.0,15200.0,169541,25661.96,127054,15141.14114114114,15197.197197197198,15224.224224224225,15102.102102102102,15126.0,0.999
2026-09-24,GOLDPETAL,2026-10-30,15326.0,15358.0,15233.0,15275.0,15343.0,109146,16683.29,150702,15290.29029029029,15341.341341341342,15373.373373373373,15248.248248248248,15275.0,0.999
2026-09-24,GOLDPETAL,2026-11-30,15451.0,15485.0,15369.0,15412.0,15468.0,47590,7337.54,122009,15427.427427427427,15466.466466466467,15500.5005005005,15384.384384384384,15412.0,0.999
2026-09-24,GOLDPETAL,2026-12-31,15600.0,15627.0,15518.0,15561.0,15623.0,16405,2553.6,46466,15576.576576576577,15615.615615615616,15642.642642642642,15533.533533533533,15561.0,0.999
2026-09-24,GOLDPETAL,2027-01-29,15764.0,15776.0,15665.0,15713.0,15772.0,6811,1070.22,36519,15728.728728728729,15779.77977977978,15791.791791791791,15680.68068068068,15713.0,0.999
2026-09-24,GOLDPETAL,2027-02-26,15908.0,15922.0,15820.0,15851.0,15911.0,4689,743.69,7584,15866.866866866867,15923.923923923923,15937.937937937939,15835.835835835836,15851.0,0.999
2026-09-24,GOLDTEN,2026-09-30,151302.0,151697.0,150475.0,150973.0,151684.0,16226,24507.17,15921,15112.412412412412,15145.345345345346,15184.884884884885,15062.562562562562,150973.0,9.99
2026-09-24,GOLDTEN,2026-10-30,152769.0,152934.0,151703.0,152152.0,152895.0,18146,27626.85,22065,15230.43043043043,15292.192192192191,15308.708708708707,15185.485485485486,152152.0,9.99
2026-09-24,GOLDTEN,2026-11-30,153947.0,154080.0,152915.0,153442.0,153930.0,5488,8421.8,11825,15359.559559559559,15410.11011011011,15423.423423423423,15306.806806806806,153442.0,9.99
2026-09-24,GOLDTEN,2026-12-31,154827.0,155400.0,154180.0,154773.0,155399.0,1813,2805.85,5386,15492.792792792792,15498.198198198197,15555.555555555555,15433.433433433433,154773.0,9.99
2026-09-24,GOLDTEN,2027-01-29,156999.0,157036.0,155698.0,156302.0,157083.0,664,1037.98,2642,15645.845845845846,15715.615615615616,15719.319319319318,15585.385385385385,156302.0,9.99
2026-09-24,GOLDTEN,2027-02-26,157908.0,158300.0,157056.0,157682.0,158325.0,169,266.34,492,15783.983983983984,15806.606606606607,15845.845845845846,15721.32132132132,157682.0,9.99
2026-09-25,GOLDGUINEA,2026-09-30,121260.0,121949.0,120843.0,121139.0,121094.0,12025,14592.92,3164,15157.532532532532,15172.672672672672,15258.883883883884,15120.495495495496,121139.0,7.992
2026-09-25,GOLDGUINEA,2026-10-30,122454.0,123176.0,122014.0,122383.0,122188.0,14538,17819.14,13175,15313.188188188189,15322.072072072073,15412.412412412412,15267.017017017017,122383.0,7.992
2026-09-25,GOLDGUINEA,2026-11-30,123445.0,124307.0,123196.0,123584.0,123399.0,3528,4365.1,6091,15463.463463463464,15446.071071071072,15553.928928928928,15414.914914914914,123584.0,7.992
2026-09-25,GOLDGUINEA,2026-12-31,124739.0,125589.0,124430.0,124972.0,124662.0,964,1205.08,2840,15637.137137137137,15607.982982982983,15714.33933933934,15569.31931931932,124972.0,7.992
2026-09-25,GOLDGUINEA,2027-01-29,126317.0,127300.0,125900.0,126382.0,125971.0,431,544.69,1425,15813.563563563564,15805.43043043043,15928.428428428428,15753.253253253253,126382.0,7.992
2026-09-25,GOLDGUINEA,2027-02-26,127145.0,128100.0,127053.0,127364.0,127217.0,69,88.03,307,15936.436436436436,15909.034034034034,16028.528528528528,15897.522522522522,127364.0,7.992
2026-09-25,GOLDM,2026-10-05,151005.0,151940.0,150405.0,150893.0,150617.0,48406,731578.99,29109,15165.125628140704,15176.38190954774,15270.351758793971,15116.080402010051,1508930.0,99.5
2026-09-25,GOLDM,2026-11-05,152477.0,153200.0,151642.0,152262.0,151885.0,18560,282812.01,22454,15302.713567839197,15324.321608040202,15396.984924623117,15240.402010050253,1522620.0,99.5
2026-09-25,GOLDM,2026-12-04,153300.0,154499.0,152770.0,153358.0,152994.0,7344,112736.44,9575,15412.864321608042,15407.035175879399,15527.537688442213,15353.768844221107,1533580.0,99.5
2026-09-25,GOLDM,2027-01-05,154495.0,155606.0,153990.0,154576.0,154239.0,1225,18927.14,3025,15535.276381909549,15527.13567839196,15638.793969849248,15476.38190954774,1545760.0,99.5
2026-09-25,GOLDM,2027-02-05,156085.0,156983.0,155320.0,156019.0,155628.0,248,3870.69,1543,15680.30150753769,15686.934673366835,15777.185929648242,15610.050251256282,1560190.0,99.5
2026-09-25,GOLDM,2027-03-05,157142.0,158186.0,156865.0,157394.0,156601.0,47,740.11,72,15818.492462311558,15793.16582914573,15898.090452261307,15765.32663316583,1573940.0,99.5
2026-09-25,GOLDPETAL,2026-09-30,15134.0,15246.0,15102.0,15142.0,15126.0,253660,38480.74,41072,15157.157157157157,15149.149149149149,15261.261261261261,15117.117117117117,15142.0,0.999
2026-09-25,GOLDPETAL,2026-10-30,15324.0,15399.0,15252.0,15302.0,15275.0,247006,37856.64,182926,15317.317317317318,15339.33933933934,15414.414414414414,15267.267267267267,15302.0,0.999
2026-09-25,GOLDPETAL,2026-11-30,15489.0,15537.0,15391.0,15443.0,15412.0,83161,12855.35,124476,15458.458458458459,15504.504504504504,15552.552552552552,15406.406406406406,15443.0,0.999
2026-09-25,GOLDPETAL,2026-12-31,15602.0,15680.0,15540.0,15598.0,15561.0,19677,3071.19,48634,15613.613613613614,15617.617617617618,15695.695695695696,15555.555555555555,15598.0,0.999
2026-09-25,GOLDPETAL,2027-01-29,15769.0,15829.0,15687.0,15752.0,15713.0,7941,1251.53,37155,15767.767767767768,15784.784784784784,15844.844844844845,15702.702702702703,15752.0,0.999
2026-09-25,GOLDPETAL,2027-02-26,15888.0,15969.0,15838.0,15895.0,15851.0,4188,665.66,8214,15910.91091091091,15903.903903903903,15984.984984984985,15853.853853853854,15895.0,0.999
2026-09-25,GOLDTEN,2026-09-30,151049.0,152249.0,150700.0,151271.0,150973.0,22111,33483.58,6451,15142.242242242242,15120.02002002002,15240.14014014014,15085.085085085086,151271.0,9.99
2026-09-25,GOLDTEN,2026-10-30,152699.0,153550.0,151975.0,152600.0,152152.0,25166,38444.99,25189,15275.275275275275,15285.185185185184,15370.37037037037,15212.712712712713,152600.0,9.99
2026-09-25,GOLDTEN,2026-11-30,153815.0,154875.0,153221.0,153787.0,153442.0,8110,12483.45,12662,15394.094094094095,15396.896896896897,15503.003003003003,15337.437437437437,153787.0,9.99
2026-09-25,GOLDTEN,2026-12-31,155156.0,156041.0,154550.0,155031.0,154773.0,1850,2871.31,5522,15518.618618618619,15531.131131131131,15619.71971971972,15470.47047047047,155031.0,9.99
2026-09-25,GOLDTEN,2027-01-29,156488.0,157442.0,155901.0,156461.0,156302.0,1060,1659.64,2706,15661.761761761762,15664.464464464465,15759.959959959959,15605.705705705705,156461.0,9.99
2026-09-25,GOLDTEN,2027-02-26,157846.0,158638.0,157400.0,157749.0,157682.0,236,372.86,554,15790.69069069069,15800.4004004004,15879.679679679679,15755.755755755756,157749.0,9.99
2026-09-28,GOLDGUINEA,2026-09-30,119789.0,119789.0,117500.0,118070.0,121139.0,3937,4669.17,1428,14773.523523523523,14988.613613613614,14988.613613613614,14702.202202202203,118070.0,7.992
2026-09-28,GOLDGUINEA,2026-10-30,121900.0,121900.0,118518.0,119226.0,122383.0,18457,22081.72,14343,14918.168168168168,15252.752752752753,15252.752752752753,14829.57957957958,119226.0,7.992
2026-09-28,GOLDGUINEA,2026-11-30,122940.0,122940.0,119500.0,120159.0,123584.0,6571,7939.28,7384,15034.90990990991,15382.882882882883,15382.882882882883,14952.452452452453,120159.0,7.992
2026-09-28,GOLDGUINEA,2026-12-31,124147.0,124147.0,120515.0,121196.0,124972.0,2494,3041.95,3192,15164.664664664664,15533.908908908908,15533.908908908908,15079.454454454455,121196.0,7.992
2026-09-28,GOLDGUINEA,2027-01-29,124378.0,124687.0,121654.0,122072.0,126382.0,1861,2287.92,1759,15274.274274274274,15562.812812812814,15601.476476476477,15221.971971971972,122072.0,7.992
2026-09-28,GOLDGUINEA,2027-02-26,126421.0,126421.0,122702.0,123041.0,127364.0,741,918.39,382,15395.52052052052,15818.443443443444,15818.443443443444,15353.103103103103,123041.0,7.992
2026-09-28,GOLDM,2026-10-05,150000.0,150000.0,145920.0,146840.0,150893.0,39709,585098.92,22642,14757.78894472362,15075.376884422112,15075.376884422112,14665.32663316583,1468400.0,99.5
2026-09-28,GOLDM,2026-11-05,151700.0,151700.0,147162.0,148069.0,152262.0,37222,553100.1,30937,14881.306532663317,15246.231155778896,15246.231155778896,14790.150753768845,1480690.0,99.5
2026-09-28,GOLDM,2026-12-04,152724.0,152724.0,148179.0,149010.0,153358.0,11686,174905.61,12205,14975.879396984925,15349.145728643218,15349.145728643218,14892.361809045227,1490100.0,99.5
2026-09-28,GOLDM,2027-01-05,152500.0,152500.0,149412.0,150132.0,154576.0,1748,26383.9,3472,15088.643216080403,15326.633165829147,15326.633165829147,15016.281407035178,1501320.0,99.5
2026-09-28,GOLDM,2027-02-05,153553.0,153562.0,150772.0,151496.0,156019.0,955,14539.69,1672,15225.728643216082,15432.46231155779,15433.366834170856,15152.964824120603,1514960.0,99.5
2026-09-28,GOLDM,2027-03-05,154301.0,154960.0,152208.0,152732.0,157394.0,212,3256.03,133,15349.94974874372,15507.638190954774,15573.869346733669,15297.286432160805,1527320.0,99.5
2026-09-28,GOLDPETAL,2026-09-30,15132.0,15132.0,14672.0,14829.0,15142.0,64476,9563.4,6376,14843.843843843844,15147.147147147147,15147.147147147147,14686.686686686688,14829.0,0.999
2026-09-28,GOLDPETAL,2026-10-30,15231.0,15277.0,14819.0,14905.0,15302.0,355614,53162.85,208412,14919.91991991992,15246.246246246246,15292.292292292292,14833.833833833834,14905.0,0.999
2026-09-28,GOLDPETAL,2026-11-30,15416.0,15416.0,14917.0,15010.0,15443.0,132350,19954.11,151926,15025.025025025025,15431.43143143143,15431.43143143143,14931.931931931931,15010.0,0.999
2026-09-28,GOLDPETAL,2026-12-31,15596.0,15596.0,15062.0,15143.0,15598.0,54343,8268.44,51483,15158.158158158158,15611.611611611612,15611.611611611612,15077.077077077078,15143.0,0.999
2026-09-28,GOLDPETAL,2027-01-29,15707.0,15712.0,15200.0,15279.0,15752.0,28490,4377.15,38091,15294.294294294294,15722.722722722723,15727.727727727728,15215.215215215216,15279.0,0.999
2026-09-28,GOLDPETAL,2027-02-26,15842.0,15842.0,15352.0,15418.0,15895.0,12984,2015.67,10457,15433.433433433433,15857.857857857858,15857.857857857858,15367.367367367367,15418.0,0.999
2026-09-28,GOLDTEN,2026-09-30,150101.0,150101.0,145675.0,147109.0,151271.0,9469,13964.11,2997,14725.625625625626,15025.125125125125,15025.125125125125,14582.08208208208,147109.0,9.99
2026-09-28,GOLDTEN,2026-10-30,152251.0,152251.0,146514.0,148471.0,152600.0,41253,61452.89,31640,14861.961961961963,15240.34034034034,15240.34034034034,14666.066066066065,148471.0,9.99
2026-09-28,GOLDTEN,2026-11-30,152332.0,152332.0,148609.0,149498.0,153787.0,13441,20187.28,15656,14964.764764764765,15248.448448448447,15248.448448448447,14875.775775775775,149498.0,9.99
2026-09-28,GOLDTEN,2026-12-31,153000.0,153041.0,149895.0,150703.0,155031.0,5027,7612.91,6802,15085.385385385385,15315.315315315314,15319.419419419419,15004.504504504504,150703.0,9.99
2026-09-28,GOLDTEN,2027-01-29,155001.0,155001.0,151300.0,152041.0,156461.0,2255,3446.28,2930,15219.319319319318,15515.615615615616,15515.615615615616,15145.145145145145,152041.0,9.99
2026-09-28,GOLDTEN,2027-02-26,155517.0,155736.0,152602.0,153268.0,157749.0,1070,1650.07,802,15342.142142142142,15567.267267267267,15589.189189189188,15275.475475475476,153268.0,9.99
2026-09-29,GOLDGUINEA,2026-09-30,118153.0,119010.0,117710.0,118635.0,118070.0,244,289.11,1259,14844.21921921922,14783.908908908908,14891.14114114114,14728.478478478479,118635.0,7.992
2026-09-29,GOLDGUINEA,2026-10-30,119106.0,119950.0,118427.0,119159.0,119226.0,10392,12398.03,14287,14909.784784784784,14903.153153153153,15008.758758758759,14818.193193193194,119159.0,7.992
2026-09-29,GOLDGUINEA,2026-11-30,119827.0,121058.0,119481.0,120247.0,120159.0,3471,4175.51,7355,15045.92092092092,14993.368368368368,15147.397397397397,14950.075075075076,120247.0,7.992
2026-09-29,GOLDGUINEA,2026-12-31,121200.0,122081.0,120522.0,121217.0,121196.0,1461,1770.74,3255,15167.292292292292,15165.165165165165,15275.4004004004,15080.330330330331,121217.0,7.992
2026-09-29,GOLDGUINEA,2027-01-29,121716.0,123000.0,121513.0,122173.0,122072.0,437,534.06,1767,15286.911911911911,15229.72972972973,15390.39039039039,15204.32932932933,122173.0,7.992
2026-09-29,GOLDGUINEA,2027-02-26,123042.0,123850.0,122652.0,123117.0,123041.0,315,388.09,443,15405.03003003003,15395.645645645645,15496.746746746747,15346.846846846847,123117.0,7.992
2026-09-29,GOLDM,2026-10-05,146894.0,147500.0,145667.0,146291.0,146840.0,30511,447354.27,12198,14702.613065326634,14763.216080402011,14824.120603015077,14639.899497487439,1462910.0,99.5
2026-09-29,GOLDM,2026-11-05,148863.0,149030.0,147116.0,147919.0,148069.0,39236,581337.7,38909,14866.231155778896,14961.105527638192,14977.889447236183,14785.527638190955,1479190.0,99.5
2026-09-29,GOLDM,2026-12-04,149799.0,150299.0,148244.0,148962.0,149010.0,12477,186274.48,12653,14971.05527638191,15055.175879396986,15105.427135678394,14898.89447236181,1489620.0,99.5
2026-09-29,GOLDM,2027-01-05,152121.0,152121.0,149484.0,150257.0,150132.0,1284,19327.75,3341,15101.206030150755,15288.54271356784,15288.54271356784,15023.5175879397,1502570.0,99.5
2026-09-29,GOLDM,2027-02-05,151801.0,152803.0,150772.0,151559.0,151496.0,474,7202.99,1732,15232.06030150754,15256.38190954774,15357.08542713568,15152.964824120603,1515590.0,99.5
2026-09-29,GOLDM,2027-03-05,152733.0,154023.0,152200.0,153078.0,152732.0,105,1607.37,142,15384.723618090453,15350.050251256282,15479.698492462312,15296.482412060303,1530780.0,99.5
2026-09-29,GOLDPETAL,2026-09-30,14829.0,15200.0,14700.0,14835.0,14829.0,2748,407.15,6094,14849.84984984985,14843.843843843844,15215.215215215216,14714.714714714715,14835.0,0.999
2026-09-29,GOLDPETAL,2026-10-30,14905.0,14998.0,14807.0,14891.0,14905.0,228753,34115.31,205153,14905.905905905905,14919.91991991992,15013.013013013013,14821.821821821823,14891.0,0.999
2026-09-29,GOLDPETAL,2026-11-30,14960.0,15124.0,14929.0,15014.0,15010.0,72121,10836.4,148487,15029.029029029029,14974.974974974975,15139.139139139139,14943.943943943945,15014.0,0.999
2026-09-29,GOLDPETAL,2026-12-31,15131.0,15265.0,15061.0,15149.0,15143.0,22405,3394.88,50509,15164.164164164164,15146.146146146146,15280.28028028028,15076.076076076077,15149.0,0.999
2026-09-29,GOLDPETAL,2027-01-29,15268.0,15400.0,15201.0,15285.0,15279.0,11341,1735.29,36877,15300.3003003003,15283.283283283283,15415.415415415415,15216.216216216217,15285.0,0.999
2026-09-29,GOLDPETAL,2027-02-26,15416.0,15534.0,15343.0,15435.0,15418.0,6679,1031.0,10969,15450.450450450451,15431.43143143143,15549.549549549549,15358.358358358359,15435.0,0.999
2026-09-29,GOLDTEN,2026-09-30,148875.0,148875.0,146311.0,147161.0,147109.0,747,1100.85,734,14730.83083083083,14902.402402402402,14902.402402402402,14645.745745745746,147161.0,9.99
2026-09-29,GOLDTEN,2026-10-30,148523.0,149437.0,147500.0,148290.0,148471.0,25062,37226.7,31674,14843.843843843844,14867.167167167167,14958.658658658658,14764.764764764765,148290.0,9.99
2026-09-29,GOLDTEN,2026-11-30,149505.0,150862.0,148722.0,149482.0,149498.0,8962,13418.4,16036,14963.163163163163,14965.465465465466,15101.3013013013,14887.087087087088,149482.0,9.99
2026-09-29,GOLDTEN,2026-12-31,150855.0,152066.0,150009.0,150903.0,150703.0,2681,4050.38,6895,15105.405405405405,15100.600600600601,15221.82182182182,15015.915915915915,150903.0,9.99
2026-09-29,GOLDTEN,2027-01-29,151849.0,153299.0,151283.0,152127.0,152041.0,822,1251.49,2908,15227.927927927927,15200.1001001001,15345.245245245245,15143.443443443442,152127.0,9.99
2026-09-29,GOLDTEN,2027-02-26,153527.0,154500.0,152621.0,153409.0,153268.0,558,856.2,851,15356.256256256256,15368.068068068067,15465.465465465466,15277.377377377377,153409.0,9.99
2026-09-30,GOLDGUINEA,2026-09-30,118887.0,119512.0,118786.0,119374.0,118635.0,20,23.83,439,14936.686686686688,14875.75075075075,14953.953953953955,14863.113113113113,119374.0,7.992
2026-09-30,GOLDGUINEA,2026-10-30,119987.0,120635.0,119090.0,119207.0,119159.0,12607,15114.27,14377,14915.79079079079,15013.388388388388,15094.46946946947,14901.15115115115,119207.0,7.992
2026-09-30,GOLDGUINEA,2026-11-30,120684.0,121750.0,120297.0,120417.0,120247.0,3954,4786.78,7535,15067.192192192193,15100.600600600601,15233.983983983984,15052.177177177176,120417.0,7.992
2026-09-30,GOLDGUINEA,2026-12-31,121522.0,122639.0,121243.0,121434.0,121217.0,1336,1629.82,3288,15194.444444444445,15205.455455455456,15345.22022022022,15170.545545545545,121434.0,7.992
2026-09-30,GOLDGUINEA,2027-01-29,123190.0,123706.0,122281.0,122447.0,122173.0,472,580.66,1778,15321.196196196197,15414.164164164164,15478.728728728729,15300.425425425425,122447.0,7.992
2026-09-30,GOLDGUINEA,2027-02-26,123555.0,124600.0,123420.0,123543.0,123117.0,137,170.05,458,15458.333333333334,15459.834834834835,15590.590590590591,15442.942942942944,123543.0,7.992
2026-09-30,GOLDM,2026-10-05,147019.0,148170.0,146070.0,146151.0,146291.0,12725,187222.14,7745,14688.54271356784,14775.778894472363,14891.457286432162,14680.402010050253,1461510.0,99.5
2026-09-30,GOLDM,2026-11-05,148499.0,149802.0,147806.0,147908.0,147919.0,52749,785447.55,44601,14865.125628140704,14924.522613065328,15055.477386934674,14854.874371859298,1479080.0,99.5
2026-09-30,GOLDM,2026-12-04,149555.0,151123.0,149002.0,149125.0,148962.0,16610,249356.04,14158,14987.43718592965,15030.65326633166,15188.241206030152,14975.075376884422,1491250.0,99.5
2026-09-30,GOLDM,2027-01-05,150980.0,152465.0,150300.0,150453.0,150257.0,1561,23634.3,3479,15120.904522613066,15173.869346733669,15323.115577889448,15105.527638190955,1504530.0,99.5
2026-09-30,GOLDM,2027-02-05,152502.0,153780.0,151513.0,151731.0,151559.0,441,6734.35,1801,15249.346733668342,15326.834170854272,15455.276381909549,15227.43718592965,1517310.0,99.5
2026-09-30,GOLDM,2027-03-05,154035.0,155009.0,153000.0,153153.0,153078.0,160,2463.95,186,15392.261306532664,15480.904522613066,15578.793969849248,15376.884422110554,1531530.0,99.5
2026-09-30,GOLDPETAL,2026-09-30,14885.0,14997.0,14802.0,14884.0,14835.0,172,25.6,905,14898.898898898899,14899.8998998999,15012.012012012012,14816.816816816818,14884.0,0.999
2026-09-30,GOLDPETAL,2026-10-30,14947.0,15075.0,14875.0,14893.0,14891.0,300838,45096.56,207175,14907.907907907907,14961.961961961963,15090.09009009009,14889.88988988989,14893.0,0.999
2026-09-30,GOLDPETAL,2026-11-30,15060.0,15210.0,15020.0,15033.0,15014.0,122210,18491.69,131520,15048.048048048047,15075.075075075076,15225.225225225226,15035.035035035035,15033.0,0.999
2026-09-30,GOLDPETAL,2026-12-31,15202.0,15347.0,15165.0,15179.0,15149.0,31644,4826.45,51375,15194.194194194195,15217.217217217218,15362.362362362363,15180.18018018018,15179.0,0.999
2026-09-30,GOLDPETAL,2027-01-29,15338.0,15489.0,15309.0,15318.0,15285.0,12180,1874.22,36523,15333.333333333334,15353.353353353354,15504.504504504504,15324.324324324325,15318.0,0.999
2026-09-30,GOLDPETAL,2027-02-26,15466.0,15644.0,15450.0,15464.0,15435.0,5030,781.57,11521,15479.47947947948,15481.481481481482,15659.65965965966,15465.465465465466,15464.0,0.999
2026-09-30,GOLDTEN,2026-09-30,149489.0,149818.0,147951.0,148248.0,147161.0,295,437.84,568,14839.63963963964,14963.863863863864,14996.796796796796,14809.90990990991,148248.0,9.99
2026-09-30,GOLDTEN,2026-10-30,148499.0,150185.0,148182.0,148322.0,148290.0,30456,45470.61,31599,14847.047047047046,14864.764764764765,15033.533533533533,14833.033033033033,148322.0,9.99
2026-09-30,GOLDTEN,2026-11-30,149802.0,151547.0,149522.0,149643.0,149482.0,12521,18859.95,16002,14979.279279279279,14995.195195195194,15169.86986986987,14967.167167167167,149643.0,9.99
2026-09-30,GOLDTEN,2026-12-31,151399.0,152900.0,150804.0,151057.0,150903.0,3578,5438.19,6871,15120.82082082082,15155.055055055054,15305.305305305305,15095.495495495496,151057.0,9.99
2026-09-30,GOLDTEN,2027-01-29,152899.0,154268.0,152230.0,152402.0,152127.0,1262,1933.01,2997,15255.455455455454,15305.205205205204,15442.242242242242,15238.238238238238,152402.0,9.99
2026-09-30,GOLDTEN,2027-02-26,154001.0,155515.0,153573.0,153804.0,153409.0,480,742.0,854,15395.795795795795,15415.515515515515,15567.067067067066,15372.672672672672,153804.0,9.99
2026-10-01,GOLDGUINEA,2026-10-30,119589.0,120295.0,119221.0,119993.0,119207.0,11305,13542.12,13525,15014.139139139139,14963.58858858859,15051.926926926926,14917.542542542542,119993.0,7.992
2026-10-01,GOLDGUINEA,2026-11-30,120747.0,121484.0,120407.0,121147.0,120417.0,3323,4019.52,7551,15158.533533533533,15108.483483483484,15200.700700700701,15065.940940940942,121147.0,7.992
2026-10-01,GOLDGUINEA,2026-12-31,121759.0,122451.0,121434.0,122171.0,121434.0,928,1131.95,3301,15286.661661661661,15235.11011011011,15321.696696696697,15194.444444444445,122171.0,7.992
2026-10-01,GOLDGUINEA,2027-01-29,122544.0,123443.0,122536.0,123222.0,122447.0,256,314.97,1753,15418.168168168168,15333.333333333334,15445.820820820822,15332.332332332333,123222.0,7.992
2026-10-01,GOLDGUINEA,2027-02-26,123903.0,124450.0,123543.0,124072.0,123543.0,109,135.17,452,15524.524524524524,15503.378378378378,15571.821821821823,15458.333333333334,124072.0,7.992
2026-10-01,GOLDGUINEA,2027-03-31,,,,124050.0,124050.0,0,0.0,0,15521.771771771771,,,,124050.0,7.992
2026-10-01,GOLDM,2026-10-05,146875.0,148295.0,146550.0,147729.0,146151.0,1722,25407.88,1589,14847.13567839196,14761.306532663317,14904.020100502514,14728.643216080403,1477290.0,99.5
2026-10-01,GOLDM,2026-11-05,148287.0,149371.0,148075.0,149055.0,147908.0,41017,610239.98,42632,14980.402010050253,14903.216080402011,15012.1608040201,14881.909547738695,1490550.0,99.5
2026-10-01,GOLDM,2026-12-04,149085.0,150800.0,149085.0,150374.0,149125.0,14954,224483.66,14420,15112.964824120603,14983.417085427136,15155.778894472363,14983.417085427136,1503740.0,99.5
2026-10-01,GOLDM,2027-01-05,150930.0,152036.0,150628.0,151629.0,150453.0,1293,19578.61,3687,15239.095477386936,15168.844221105528,15280.000000000002,15138.492462311558,1516290.0,99.5
2026-10-01,GOLDM,2027-02-05,152319.0,153375.0,151889.0,153150.0,151731.0,368,5623.11,1815,15391.959798994976,15308.442211055277,15414.57286432161,15265.226130653267,1531500.0,99.5
2026-10-01,GOLDM,2027-03-05,153729.0,154740.0,153505.0,154617.0,153153.0,152,2344.41,239,15539.396984924624,15450.150753768845,15551.75879396985,15427.638190954774,1546170.0,99.5
2026-10-01,GOLDPETAL,2026-10-30,14911.0,15035.0,14910.0,15002.0,14893.0,239269,35827.34,198482,15017.017017017017,14925.925925925925,15050.05005005005,14924.924924924924,15002.0,0.999
2026-10-01,GOLDPETAL,2026-11-30,15049.0,15180.0,15033.0,15138.0,15033.0,85108,12864.97,124644,15153.153153153153,15064.064064064065,15195.195195195196,15048.048048048047,15138.0,0.999
2026-10-01,GOLDPETAL,2026-12-31,15208.0,15309.0,15191.0,15278.0,15179.0,26538,4047.79,52214,15293.293293293293,15223.223223223224,15324.324324324325,15206.206206206207,15278.0,0.999
2026-10-01,GOLDPETAL,2027-01-29,15351.0,15455.0,15331.0,15423.0,15318.0,7973,1227.57,36316,15438.43843843844,15366.366366366366,15470.47047047047,15346.346346346347,15423.0,0.999
2026-10-01,GOLDPETAL,2027-02-26,15511.0,15586.0,15468.0,15561.0,15464.0,4126,641.04,11492,15576.576576576577,15526.526526526526,15601.601601601602,15483.483483483484,15561.0,0.999
2026-10-01,GOLDPETAL,2027-03-31,15688.0,15750.0,15627.0,15693.0,15661.0,727,114.01,282,15708.70870870871,15703.703703703704,15765.765765765766,15642.642642642642,15693.0,0.999
2026-10-01,GOLDTEN,2026-10-30,148788.0,149750.0,148495.0,149436.0,148322.0,22286,33241.93,29866,14958.558558558558,14893.693693693693,14989.98998998999,14864.364364364365,149436.0,9.99
2026-10-01,GOLDTEN,2026-11-30,149743.0,151230.0,149733.0,150834.0,149643.0,11846,17836.52,15703,15098.498498498499,14989.289289289289,15138.138138138138,14988.288288288288,150834.0,9.99
2026-10-01,GOLDTEN,2026-12-31,151483.0,152518.0,151164.0,152128.0,151057.0,2601,3950.82,6801,15228.028028028028,15163.463463463464,15267.067067067066,15131.531531531531,152128.0,9.99
2026-10-01,GOLDTEN,2027-01-29,152714.0,153818.0,152500.0,153611.0,152402.0,657,1006.95,2923,15376.476476476477,15286.686686686686,15397.197197197196,15265.265265265265,153611.0,9.99
2026-10-01,GOLDTEN,2027-02-26,154302.0,155118.0,153953.0,154910.0,153804.0,358,553.96,823,15506.506506506506,15445.645645645645,15527.327327327326,15410.710710710711,154910.0,9.99
2026-10-01,GOLDTEN,2027-03-31,155990.0,156112.0,155295.0,155662.0,155981.0,25,38.95,21,15581.781781781781,15614.614614614615,15626.826826826826,15545.045045045044,155662.0,9.99
